ClienteID,ClienteNome,Telefone,Email
101,Benício Ribeiro,55819005214,dteixeira@yahoo.com.br
102,Dr. Vitor Gabriel Almeida,55619416502,ianda-cruz@nogueira.net
103,Srta. Rebeca Campos,55119205469,kamilly17@cavalcanti.br
104,Matheus Oliveira,55619942929,emillyda-paz@gmail.com
105,Nicolas Ribeiro,55419736657,das-nevesgabriel@moreira.br
106,Antônio Dias,55619373807,hda-rosa@duarte.net
107,Bárbara Dias,55319256016,rcavalcanti@peixoto.com
108,Ian da Paz,55319098307,igorfarias@freitas.com
109,Heitor Mendes,55419667486,rafaelcunha@hotmail.com
110,Levi Ferreira,55219287773,gomesthomas@da.org
111,Ryan Melo,55849335058,leandroporto@cardoso.com
112,Vitória Almeida,55849355757,guilherme06@moreira.br
113,Laura Teixeira,55519244508,joao-vitor27@carvalho.br
114,Maria Luiza da Costa,55219191805,silveirajuliana@hotmail.com
115,Arthur Vieira,55419209987,gda-mota@yahoo.com.br
116,Matheus Campos,55419399261,vitoriaferreira@uol.com.br
117,Letícia Lopes,55619192701,anthony27@uol.com.br
118,Maria Eduarda Moura,55719870920,luiz-henriquecosta@ribeiro.br
119,Isabelly Porto,55119914848,fernandesrebeca@hotmail.com
120,Eduardo Nunes,55119187060,jda-paz@uol.com.br
121,Emanuel Rezende,55819910777,ana-sophiada-mata@uol.com.br
122,Theo Rezende,55519305036,azevedomirella@goncalves.br
123,Renan Ribeiro,55819899250,juliana47@yahoo.com.br
124,Ana Luiza Ribeiro,55519812312,gustavo-henrique35@moraes.br
125,Ana Julia Fernandes,55719348351,qnunes@bol.com.br
126,Thomas Rezende,55719589161,da-motathomas@azevedo.com
127,Srta. Lavínia Lima,55819500919,luiz-felipecardoso@vieira.br
128,Júlia Farias,55819197871,fernanda25@yahoo.com.br
129,Danilo Oliveira,55849819802,danielcostela@da.org
130,Helena Cunha,55519515596,isaac71@uol.com.br
131,Enrico da Paz,55219888154,caldeiraana-laura@pinto.com
132,Lorena Caldeira,55219146960,fernandesvitor@rezende.com
133,Agatha da Mata,55319376129,ferreiranoah@gmail.com
134,Emilly Gonçalves,55819655805,knovaes@melo.br
135,Dra. Maria Vitória Aragão,55419695201,da-cunhabruna@bol.com.br
136,Isabel Nogueira,55119097014,marina37@mendes.org
137,Thomas Teixeira,55219907782,vitorribeiro@uol.com.br
138,Sra. Gabriela Cardoso,55419202407,lara31@ribeiro.br
139,Pedro Henrique Lima,55619953068,miguel83@cardoso.org
140,Lucca Aragão,55219881479,ocavalcanti@gmail.com
141,Lorena da Cruz,55819473349,pedro-henrique79@barros.com
142,Alana da Rocha,55319790212,luna49@hotmail.com
143,Dr. Vinicius Azevedo,55119663287,miguel57@moreira.org
144,Ana da Mota,55319569219,fduarte@cunha.net
145,Alícia Alves,55849319059,paulooliveira@ig.com.br
146,Manuela da Cruz,55519064955,dfernandes@freitas.net
147,Lavínia Ferreira,55849672619,amelo@costa.com
148,Renan Moreira,55219049643,cunhasamuel@costela.br
149,Carlos Eduardo Silveira,55219563060,vmendes@bol.com.br
150,Renan Alves,55319177984,barrosisadora@moraes.br
151,Dr. Danilo Peixoto,55719846992,andreda-costa@ig.com.br
152,Davi Lucas da Paz,55319632861,luizacostela@hotmail.com
153,Sr. Bernardo Pereira,55219824797,pereiraevelyn@bol.com.br
154,Renan Costa,55219879025,pintonatalia@da.net
155,Ryan Correia,55219815340,luiz-henrique45@uol.com.br
156,Sr. Pietro Costa,55619816022,vmartins@moreira.org
157,Sarah Santos,55419870910,gda-cruz@yahoo.com.br
158,Enzo Gabriel Vieira,55419360882,ealves@moreira.org
159,Sra. Maitê Pinto,55819318380,piresnicole@hotmail.com
160,Anthony Lima,55419602615,joao-miguelfarias@uol.com.br
161,Vitória Pires,55819081210,davi-lucca73@yahoo.com.br
162,Paulo Souza,55719325680,daniela57@uol.com.br
163,Ana Carolina da Rocha,55519519808,acunha@azevedo.br
164,Bruno Fogaça,55849802979,matheusmoreira@ig.com.br
165,Amanda Moura,55719866494,uda-cunha@ig.com.br
166,Bruna Monteiro,55519914464,vianamarcos-vinicius@da.net
167,Cauã Carvalho,55849917282,rezenderafaela@bol.com.br
168,Bárbara Viana,55519118969,guilhermecostela@moura.br
169,Natália Nascimento,55419552698,zaraujo@hotmail.com
170,Cauê Barros,55719316351,caioribeiro@rodrigues.com
171,Dra. Helena Pereira,55619423511,joao-guilhermeramos@uol.com.br
172,João Pedro da Rosa,55719642221,oliveiraheitor@da.com
173,Antônio Caldeira,55219795569,alexia86@gmail.com
174,Guilherme Nunes,55719347485,murilo62@nunes.br
175,Daniel Rodrigues,55219028709,santosbenjamin@ig.com.br
176,Dr. Antônio da Costa,55519511234,natalia85@novaes.org
177,Sr. Bryan Ferreira,55849353102,ryanrocha@barros.br
178,Dr. Vinicius Pinto,55119728517,daniellima@azevedo.com
179,Dr. Davi Lucca Melo,55419344506,maitecorreia@pereira.org
180,Maysa Cardoso,55849738272,andreazevedo@yahoo.com.br
181,Sarah Souza,55619500028,pfarias@uol.com.br
182,Samuel Duarte,55219923383,joao-gabriel91@ig.com.br
183,Júlia Pereira,55219378936,guilhermemartins@jesus.org
184,Leonardo Viana,55819035663,almeidamaria-alice@gmail.com
185,Laura Moura,55419870391,ypinto@almeida.net
186,André Farias,55849484195,livia79@da.br
187,Maria Cecília Sales,55819988218,calebesilveira@silveira.com
188,Thomas Cardoso,55719214286,da-paztheo@caldeira.net
189,Maria Alice Pires,55119846209,peixotojoao-felipe@yahoo.com.br
190,João Lucas Nogueira,55719421514,caiosilveira@pereira.com
191,João Gabriel Souza,55849019073,maria-alicesouza@hotmail.com
192,Cauã Ramos,55219367821,sabrinamelo@teixeira.com
193,Luiz Felipe Farias,55519270643,upeixoto@da.com
194,Fernando Novaes,55719593094,araujokevin@dias.br
195,Sr. Vinicius Santos,55719798140,da-motajoao-lucas@ig.com.br
196,Pietro Silva,55219385315,ufernandes@ig.com.br
197,Paulo Silveira,55819655888,lais09@rocha.com
198,Camila Lopes,55819400500,luiz-otavioda-rosa@gmail.com
199,Yasmin Costela,55849312019,ana-vitoriada-rosa@peixoto.br
200,Alexia Campos,55319628485,marina07@rezende.br
201,Isis Moura,55619648249,maria-claraoliveira@da.br
202,Elisa Viana,55119684122,egoncalves@farias.com
203,Sr. Marcos Vinicius Nunes,55519494701,pgoncalves@dias.com
204,Vitor da Mata,55519431503,efogaca@novaes.com
205,Kaique Nunes,55619739515,joao-lucaspires@oliveira.br
206,Antônio Novaes,55849678921,vicente05@rezende.net
207,Anthony da Paz,55819126148,marcelomelo@hotmail.com
208,Gustavo Silveira,55219277572,lopesmarcos-vinicius@viana.com
209,Clara Ribeiro,55849161981,qnunes@ig.com.br
210,João Costela,55819567291,costamaria-julia@duarte.net
211,Julia Campos,55419428621,manuelaribeiro@silva.net
212,Milena Nascimento,55419843620,sarahalves@hotmail.com
213,Ana Fernandes,55219690200,ycorreia@uol.com.br
214,João Guilherme Dias,55519371906,lorenzoda-conceicao@carvalho.br
215,Luna Gomes,55519740693,da-cruzjoao-pedro@da.br
216,Davi Luiz Ferreira,55319372646,rcastro@teixeira.br
217,Cauã Nogueira,55819159251,juliana47@bol.com.br
218,Sarah Lopes,55819344034,pedro-lucasda-costa@gmail.com
219,Manuela Freitas,55219213414,stephanydas-neves@pinto.org
220,Srta. Lívia Moura,55619285563,ana-claragomes@santos.com
221,Dr. Luiz Miguel Alves,55419962142,joaquimmendes@ig.com.br
222,Isadora Pires,55519140855,araujogabrielly@uol.com.br
223,Ana Júlia Castro,55519274768,melissa49@castro.com
224,Bruna da Paz,55819541419,gramos@ig.com.br
225,Beatriz Carvalho,55519981549,bcaldeira@bol.com.br
226,João Guilherme Sales,55119075766,nicolas46@caldeira.br
227,Luna Pires,55819750351,carvalhoemanuelly@da.com
228,Mariana da Conceição,55319375234,enzo85@bol.com.br
229,João da Rosa,55319367990,almeidadiogo@cavalcanti.org
230,Lucas Vieira,55719691783,camposluiz-fernando@santos.org
231,Srta. Yasmin Martins,55519914633,gustavo-henriquepinto@freitas.net
232,Luana da Luz,55519958649,ocostela@yahoo.com.br
233,Agatha Costa,55619427955,rcaldeira@gomes.com
234,Caio Santos,55849837256,amanda57@gmail.com
235,Fernando Barbosa,55519965420,kda-mota@bol.com.br
236,Leonardo da Paz,55519964578,lucas-gabriel32@souza.net
237,Emanuella Duarte,55219123519,xpires@bol.com.br
238,Mirella Melo,55619734952,cda-cruz@ig.com.br
239,Yuri Mendes,55319522829,davi01@costa.br
240,Bryan Duarte,55719000514,ldias@ig.com.br
241,Otávio Teixeira,55419625329,maria-julia67@da.com
242,Laura da Luz,55119445409,piresjoao-lucas@goncalves.com
243,Isabel Almeida,55819960809,ilopes@novaes.com
244,Marcos Vinicius Barros,55319807096,esthersantos@fernandes.com
245,Miguel da Mota,55219093062,tda-cruz@lima.br
246,Arthur Pinto,55619979034,noahda-luz@da.net
247,João Guilherme Melo,55319948153,oliveirajoao-lucas@nogueira.br
248,Ana Carolina Pires,55719272566,vitor57@hotmail.com
249,Alexia Cavalcanti,55519846114,rafael28@barros.br
250,Rodrigo Gonçalves,55419656062,renan85@moreira.br
251,Kevin da Costa,55519653913,jesusdiego@hotmail.com
252,Marcelo Viana,55719509747,cpeixoto@hotmail.com
253,Luiz Henrique Pires,55319517246,duarteluiz-felipe@uol.com.br
254,Srta. Amanda Freitas,55719621879,felipeda-cunha@silveira.br
255,Sr. Nathan Cavalcanti,55849626075,enzo-gabrielfernandes@hotmail.com
256,Isis Cavalcanti,55319809678,zgoncalves@uol.com.br
257,Isadora Costa,55119345414,moraespaulo@yahoo.com.br
258,Srta. Clarice Jesus,55519727835,caldeirapaulo@vieira.org
259,Sarah Farias,55619141787,fpires@da.com
260,Enrico Martins,55419096713,bcardoso@bol.com.br
261,Pedro Lucas Costa,55119411873,erick63@silva.com
262,Levi Costa,55119621732,alvescaio@hotmail.com
263,Marcela Viana,55849108584,piresryan@bol.com.br
264,Yasmin Lopes,55819363080,lucca66@sales.net
265,Paulo Fernandes,55319585651,ana-julia75@ig.com.br
266,Sra. Stephany Ribeiro,55419762263,evieira@pinto.br
267,Alana Caldeira,55419401759,santossarah@bol.com.br
268,João Gabriel Lima,55519112765,gomesjoaquim@costela.br
269,Sr. Rodrigo Peixoto,55119184110,nathan25@hotmail.com
270,Luiz Fernando da Mata,55819909975,valentinarezende@cardoso.br
271,Nina da Cruz,55849390540,nathan97@viana.org
272,Kaique Nunes,55319139394,novaesmanuela@almeida.com
273,Rafaela Nogueira,55819494872,pintorafaela@pires.br
274,Pietra da Luz,55619047678,maria-clara17@aragao.com
275,Kamilly Cardoso,55719225967,emanuelladas-neves@nascimento.com
276,Henrique Martins,55719189130,da-costaisaac@porto.br
277,Isabella Silva,55419879067,kaiquerodrigues@bol.com.br
278,Theo da Conceição,55849507284,camila27@pires.br
279,Maria Vitória Lopes,55849557333,joao-pedromelo@gmail.com
280,Heitor Cardoso,55119517988,ana-julia06@da.br
281,Sr. João Pedro Alves,55119985262,nataliamonteiro@da.br
282,Rebeca Lopes,55849494727,sophievieira@ig.com.br
283,Alexia Fernandes,55419615197,bda-cruz@bol.com.br
284,Lucas Sales,55519138484,miguelcastro@gmail.com
285,Bianca da Mata,55819763503,vitor-hugomendes@gmail.com
286,Antônio Fogaça,55419363197,aliciacardoso@barbosa.net
287,Raquel Pereira,55219714899,carlos-eduardoalmeida@bol.com.br
288,Evelyn Rodrigues,55719372467,lopescalebe@hotmail.com
289,Dra. Lara Alves,55519528053,rafael88@yahoo.com.br
290,Vitor Hugo Duarte,55519885545,mendesmaria-julia@gmail.com
291,Kamilly Moura,55519795431,aragaoalexia@uol.com.br
292,Isaac Souza,55849874765,hferreira@bol.com.br
293,Sra. Ana Júlia Castro,55419650815,duartedavi-lucca@hotmail.com
294,Enrico da Rocha,55849970642,clara94@mendes.net
295,Ana Lívia Fernandes,55719900503,luiz-henrique08@gomes.com
296,Joana Jesus,55519669878,castromaite@ig.com.br
297,Ana Luiza Pinto,55719999268,caldeiraantonio@cunha.net
298,Isabella Barbosa,55519539703,novaesamanda@uol.com.br
299,Sra. Gabrielly Farias,55819942746,zda-cruz@vieira.com
300,Cauã Lima,55819220115,wsouza@barros.com
301,Luiz Otávio Lopes,55119376739,walves@uol.com.br
302,Srta. Isabella Fogaça,55849908902,emanuellada-rocha@yahoo.com.br
303,Luiz Fernando Oliveira,55719397019,lucascavalcanti@da.com
304,Henrique Gonçalves,55619629617,yagopeixoto@silveira.br
305,Ana Júlia Freitas,55719708635,smoraes@gmail.com
306,Mariane Mendes,55849946980,moreirayasmin@yahoo.com.br
307,Valentina Costa,55319388586,alexandrepires@uol.com.br
308,Isabella Melo,55719708687,mariane85@hotmail.com
309,Gabriela Silveira,55719272345,maria-eduardacaldeira@gmail.com
310,Carlos Eduardo Souza,55319254391,amandaporto@costa.br
311,Caio Silveira,55719198769,yda-paz@aragao.org
312,Luana Peixoto,55619556992,rezendegustavo-henrique@hotmail.com
313,Fernando Barros,55719245170,brenda13@gmail.com
314,Sr. Ryan Cardoso,55619019548,maria-vitoriasales@das.org
315,Yuri Moura,55119032960,goncalvesluiz-otavio@pereira.com
316,Sra. Caroline da Rocha,55849263230,rfreitas@uol.com.br
317,Rafaela Ramos,55849578151,teixeirasabrina@almeida.br
318,Carlos Eduardo Sales,55219516391,barbosadiogo@porto.net
319,Isabelly da Cruz,55849270604,mariane15@lima.br
320,Sra. Maria Julia Porto,55319736862,giovannalopes@bol.com.br
321,Julia Ferreira,55419065947,costajoaquim@uol.com.br
322,Joana Silveira,55219855827,da-cruzisis@melo.com
323,Enzo Nascimento,55819013732,nramos@yahoo.com.br
324,Vicente da Rocha,55519775776,sophie02@jesus.br
325,Maysa Dias,55719386964,luiz-miguel76@hotmail.com
326,André Martins,55419422459,limalevi@mendes.br
327,Thales Ribeiro,55119595757,rochaluiz-otavio@hotmail.com
328,Isabelly Cardoso,55119952372,joaonunes@ig.com.br
329,Ana Gomes,55119697907,enrico99@peixoto.br
330,Dra. Raquel Monteiro,55719289132,thales58@rodrigues.br
331,Marcelo Lopes,55419540423,pcavalcanti@bol.com.br
332,Sr. Juan Porto,55519057010,clariceda-rosa@gmail.com
333,Camila Gonçalves,55619100579,tmonteiro@gmail.com
334,Marcelo Souza,55819636391,diogo22@monteiro.org
335,Guilherme Oliveira,55819908005,isadoranovaes@ig.com.br
336,Daniel Barbosa,55619608218,melissacarvalho@ig.com.br
337,Fernando Almeida,55319049359,pintocarolina@gmail.com
338,Ana Fernandes,55619224755,rebecacorreia@hotmail.com
339,Eduardo Duarte,55619570077,luiz-gustavo81@hotmail.com
340,Sr. Benjamin Jesus,55219158657,daniela64@hotmail.com
341,Letícia Duarte,55419522246,costamaite@moreira.br
342,Marcelo Ferreira,55219252497,fsouza@da.br
343,Kevin Freitas,55119083690,martinsbenicio@da.com
344,Srta. Sophia Aragão,55719541357,marcela28@hotmail.com
345,Natália Costa,55849477130,kamillyalmeida@novaes.org
346,Luiza Gomes,55849004295,moraesmaria@da.com
347,Yuri Souza,55219243351,clarice53@yahoo.com.br
348,Maysa da Costa,55319599686,lpinto@hotmail.com
349,João Felipe Moreira,55819546359,alvesbrenda@nunes.com
350,Dra. Catarina Rocha,55849884068,gduarte@ig.com.br
351,Alexia Costa,55419877762,xmendes@rezende.br
352,Clara Costela,55849038482,leticiasilva@teixeira.com
353,Thales Rezende,55219624019,sophie15@nunes.com
354,Lucas Caldeira,55319775039,xfogaca@pereira.com
355,Lara da Costa,55519239884,umendes@moura.com
356,Dr. Marcos Vinicius Peixoto,55619112870,wgomes@ig.com.br
357,Pietro Ramos,55619938344,helena38@aragao.com
358,Pedro Lucas Ramos,55119869223,maria-fernanda32@vieira.com
359,Dr. Vitor Hugo Ferreira,55419448361,tcardoso@oliveira.br
360,Francisco das Neves,55519185142,fernandesana-sophia@das.net
361,Bárbara Barros,55119769288,clara27@lima.com
362,João Lucas Caldeira,55419663334,lopesvicente@yahoo.com.br
363,Eloah das Neves,55719740012,kamilly01@nogueira.org
364,Maria Sophia Carvalho,55119361790,mariane33@uol.com.br
365,Raquel Cardoso,55719148636,souzakevin@vieira.net
366,Henrique Peixoto,55219106457,nunesgustavo@novaes.net
367,Fernando Duarte,55719873992,eferreira@gmail.com
368,Camila Barros,55719669630,bianca44@sales.br
369,Laura Lopes,55119582280,maria-julianovaes@lima.com
370,Caroline Cavalcanti,55849798125,ufernandes@castro.com
371,Ana Beatriz Mendes,55849728241,xfogaca@yahoo.com.br
372,Maria Alice Cardoso,55849557058,maria-clara93@hotmail.com
373,Ana Julia Costa,55819238096,vdas-neves@yahoo.com.br
374,Kamilly da Rosa,55719600938,theoda-rocha@ferreira.br
375,Sra. Natália Moraes,55849426066,natalia15@freitas.com
376,Srta. Elisa da Cruz,55619399195,franciscoteixeira@nogueira.com
377,Sr. Henrique Azevedo,55719597539,lavinianovaes@barros.br
378,Danilo Costa,55419852015,rebecacardoso@campos.br
379,Dr. João Felipe Melo,55519031756,breno51@uol.com.br
380,Luna Pereira,55119003874,kamillysilva@silva.br
381,Yuri Nunes,55219209278,mariapereira@ig.com.br
382,Marina Cardoso,55719314394,da-pazmilena@uol.com.br
383,Sr. Breno Moura,55719499434,cunhacarlos-eduardo@pereira.com
384,Juan da Rosa,55219802713,da-cruzluiz-gustavo@aragao.com
385,Isis Novaes,55319306399,pietra87@bol.com.br
386,Sra. Rebeca Ribeiro,55119745133,maysa92@yahoo.com.br
387,Luiza Monteiro,55519151853,ycavalcanti@uol.com.br
388,Ana Clara Jesus,55119017890,thomas89@barbosa.com
389,Lucas Gabriel Porto,55219072163,emanuellacastro@gmail.com
390,Brenda Alves,55119221877,tnogueira@oliveira.org
391,Ana Lívia Monteiro,55719381539,yazevedo@nunes.br
392,Calebe Ribeiro,55849628566,qpereira@barbosa.net
393,Renan Almeida,55519435540,barrospietra@gmail.com
394,Isaac Pinto,55849367228,jesusisabelly@hotmail.com
395,Larissa Nascimento,55719821907,luna42@da.br
396,Luiza Rodrigues,55849458439,anthony91@bol.com.br
397,Enzo Carvalho,55719808005,bmartins@viana.org
398,Lorena Barros,55719962636,vieiraclarice@hotmail.com
399,Stella Moreira,55319910692,ana-lauraporto@campos.com
400,Raul Gomes,55419576829,rezendeisis@ig.com.br
401,André Moura,55719619956,juliamoura@moraes.br
402,Erick Cardoso,55419674437,goliveira@uol.com.br
403,João Gabriel Peixoto,55319709929,zcorreia@dias.org
404,Dr. Lorenzo Teixeira,55619252417,daniela82@gmail.com
405,Gabrielly Fogaça,55219765582,lucca71@hotmail.com
406,Sr. Nicolas Cardoso,55519469876,ualmeida@gmail.com
407,Sophia Costela,55119889082,tda-mata@gmail.com
408,Guilherme Sales,55519733918,ecunha@uol.com.br
409,Ian Pires,55419445245,lais06@santos.com
410,Milena Rocha,55619844350,wpinto@nunes.br
411,Sra. Brenda Melo,55519964506,nunesmiguel@ig.com.br
412,Danilo Araújo,55519180188,uda-mota@das.br
413,Luigi Nogueira,55219699000,erick48@novaes.br
414,Carlos Eduardo Cardoso,55619268272,lsouza@moura.br
415,Dr. Erick Pires,55419241024,pedro-miguelsilveira@uol.com.br
416,Sr. Renan Costa,55119248591,oliveiramarina@hotmail.com
417,Stephany Araújo,55119676031,catarinacardoso@uol.com.br
418,Larissa Pinto,55719480834,oliveiravitor-gabriel@bol.com.br
419,Danilo Nunes,55319681976,luigiviana@uol.com.br
420,Danilo Ribeiro,55219510663,julianasilva@gmail.com
421,Sophie Souza,55719404938,diogo84@duarte.com
422,Ana Luiza Nunes,55619108727,murilo76@uol.com.br
423,Isaac Monteiro,55819157957,ana-luiza37@da.com
424,Yuri Oliveira,55319528620,eloah21@gmail.com
425,Gustavo Pereira,55719189537,vrezende@ig.com.br
426,Luiz Henrique Porto,55849170808,da-costamaria-eduarda@barbosa.br
427,Srta. Beatriz Santos,55519839964,aragaojoao-vitor@uol.com.br
428,Vicente Freitas,55819342086,cfreitas@yahoo.com.br
429,Heloísa da Conceição,55319368033,leandrosales@santos.com
430,Dr. Bernardo Moura,55219693461,eloahfarias@gmail.com
431,Letícia Gonçalves,55519715151,fernanda72@ig.com.br
432,Rebeca Cavalcanti,55219998700,melojulia@caldeira.br
433,Dra. Rebeca da Cruz,55319388615,mouralorenzo@silva.br
434,Antônio Costela,55819646643,salesalicia@yahoo.com.br
435,Marcelo Rocha,55419105616,jmoraes@uol.com.br
436,Isabel Dias,55119871729,ucorreia@uol.com.br
437,Paulo Viana,55519922046,mirellalopes@yahoo.com.br
438,Juliana Novaes,55219214081,fdas-neves@goncalves.com
439,Thiago da Cunha,55119446852,gribeiro@ig.com.br
440,Clara Silva,55619884043,falmeida@hotmail.com
441,Carlos Eduardo Silva,55719545097,pietro81@barros.net
442,André Vieira,55849826170,ida-luz@ramos.com
443,Ian Nogueira,55219372684,maria-juliacostela@uol.com.br
444,Luigi Jesus,55849176219,alexandreda-paz@gmail.com
445,Igor Lopes,55119694510,luiz-otavio22@da.net
446,Daniel Cavalcanti,55519013741,fernandesisis@hotmail.com
447,Thales Souza,55619162409,luigi74@freitas.org
448,Ana Sophia da Conceição,55819528845,aliciacostela@uol.com.br
449,Isabella Peixoto,55819340519,mariane95@vieira.org
450,Luiz Gustavo Moraes,55719809365,matheus98@barros.com
451,Ian Farias,55719861557,erick96@ig.com.br
452,Henrique da Costa,55819328501,jsales@yahoo.com.br
453,Helena da Rosa,55319211006,joao-lucasda-cruz@gomes.com
454,Ana Laura Novaes,55719530876,azevedoisadora@gmail.com
455,Dr. Henrique Moreira,55519810677,isilva@ig.com.br
456,Sr. Caio da Costa,55719413092,natalia08@ig.com.br
457,Srta. Camila Lima,55619831493,martinsclarice@uol.com.br
458,Heitor Barbosa,55719482069,rochalevi@da.org
459,Enzo Gabriel Santos,55519655620,clarice85@yahoo.com.br
460,Srta. Ana Laura Nogueira,55419548635,alexandrelopes@rezende.com
461,Gustavo Araújo,55219960268,ana-sophia95@hotmail.com
462,Ryan Viana,55219957260,isadoradias@ig.com.br
463,Mariana Peixoto,55319321241,daniela04@hotmail.com
464,Yuri da Rocha,55119390144,freitaseduarda@ribeiro.org
465,Lucas Gabriel Rodrigues,55849606167,maria-julia48@gmail.com
466,Sr. Renan Gonçalves,55619310310,lorena84@yahoo.com.br
467,Paulo Azevedo,55319858859,ana-laurada-conceicao@bol.com.br
468,Nicole Cavalcanti,55519956237,mirellamendes@bol.com.br
469,Arthur Nascimento,55849110872,lsouza@pereira.net
470,Esther da Conceição,55819759389,maria-alice67@das.com
471,Breno Moraes,55219578224,nascimentosabrina@silva.br
472,Caroline Moura,55419020847,da-cruzbruna@gmail.com
473,João Miguel Rodrigues,55219617994,pireslaura@bol.com.br
474,Ana Vitória da Rocha,55849105381,alexandre52@ig.com.br
475,Diego da Cruz,55219514850,lopesbrenda@da.com
476,Yasmin Sales,55619008751,enzo84@barros.br
477,Eduarda Nogueira,55319946860,vianabernardo@hotmail.com
478,João Vitor Nascimento,55719996857,sofiasilveira@uol.com.br
479,Vitor Hugo da Mata,55519559666,duartenathan@uol.com.br
480,Dra. Nina Porto,55619346513,das-nevesluiz-henrique@pinto.com
481,Olivia Ferreira,55319158233,ana-clarada-rocha@yahoo.com.br
482,Eloah da Luz,55419032982,ana-juliaazevedo@rodrigues.br
483,Laís Porto,55419640746,mariane74@oliveira.br
484,Raul Mendes,55219637153,nascimentoaugusto@gmail.com
485,Marcos Vinicius da Conceição,55719489936,laracarvalho@hotmail.com
486,Catarina Lima,55719354585,limamarcos-vinicius@lopes.br
487,João Felipe da Cruz,55519033700,umoura@yahoo.com.br
488,Srta. Emanuella Moraes,55849877968,brunosales@uol.com.br
489,Sr. João Felipe Novaes,55219892787,ana-beatriz08@sales.org
490,Thiago Castro,55419654283,correialeonardo@hotmail.com
491,Sr. Felipe Lima,55119610012,duartelucas@da.org
492,Pietro da Conceição,55419309608,aragaodavi-lucas@ig.com.br
493,Miguel Azevedo,55849792891,bazevedo@bol.com.br
494,Nicolas Souza,55719762938,yuripereira@gmail.com
495,Nathan Moreira,55619646165,vieiraleandro@uol.com.br
496,Dr. Rafael Costela,55119337244,evelynmendes@costa.com
497,Amanda Ribeiro,55519171619,joaquimcorreia@martins.com
498,Rafael Almeida,55819713718,mendesluana@uol.com.br
499,Srta. Maria Vitória da Rosa,55519103458,luiz-henrique73@ig.com.br
500,Laís Martins,55819090657,helena78@gmail.com
501,Diego Costela,55419764311,andremoraes@bol.com.br
502,Ryan Cunha,55219644932,monteiroenzo@yahoo.com.br
503,Thomas Jesus,55619700926,isabellycunha@rezende.com
504,Davi Lucca Nascimento,55419690766,joao-pedro63@gmail.com
505,Sabrina Lopes,55619310796,ncardoso@mendes.br
506,Maria Cecília Caldeira,55119595555,zda-luz@uol.com.br
507,Murilo Lima,55619451688,arthur38@azevedo.com
508,Davi Barbosa,55519467351,isaac77@cardoso.org
509,João Lucas Nascimento,55219747771,pedro-henrique00@freitas.br
510,Juan Rocha,55619279196,abarros@da.com
511,Rafael Cardoso,55519717079,mirella41@yahoo.com.br
512,Isabel Ribeiro,55719863812,varagao@bol.com.br
513,Maitê Correia,55219843729,da-cruzfrancisco@barros.br
514,Stephany Freitas,55519102571,knogueira@farias.com
515,João Felipe Viana,55319400521,joao-miguel68@uol.com.br
516,Samuel Peixoto,55219809663,pbarbosa@ig.com.br
517,Thiago Lima,55619540361,giovannada-mota@almeida.com
518,Raul Mendes,55719290247,wramos@yahoo.com.br
519,Maria Clara Souza,55219446429,gabrielda-luz@teixeira.com
520,Marcelo Almeida,55119136271,fernandesmaysa@da.com
521,Alice da Rosa,55219791003,da-cruzana-beatriz@monteiro.net
522,Theo Cardoso,55319781894,isabeldas-neves@hotmail.com
523,Giovanna da Mota,55819340758,gustavo-henrique94@moura.com
524,Alana Novaes,55119810482,tpeixoto@da.com
525,Milena Vieira,55119980469,ejesus@santos.br
526,Francisco da Paz,55519952171,leonardo68@yahoo.com.br
527,Otávio Fernandes,55219748814,alice72@melo.com
528,Lorenzo da Cunha,55849762742,eduardavieira@hotmail.com
529,Stephany Castro,55519245432,da-motamaria-fernanda@yahoo.com.br
530,Vitória Rezende,55219132880,ribeirogabriel@silveira.com
531,Luiz Felipe Oliveira,55419552775,leticia75@ig.com.br
532,Dr. Guilherme Correia,55419467238,yteixeira@farias.com
533,Dra. Stephany Mendes,55319674429,carlos-eduardoalmeida@teixeira.br
534,Francisco Nascimento,55319366810,melodiogo@ig.com.br
535,Sr. Joaquim Lima,55519099874,novaesfernando@uol.com.br
536,Evelyn Freitas,55519562360,ana-luiza90@rodrigues.net
537,Sr. Augusto da Cruz,55619418676,luiz-gustavoda-paz@caldeira.com
538,Daniel Souza,55219945184,fcostela@yahoo.com.br
539,Evelyn Cavalcanti,55619135975,lorenada-conceicao@yahoo.com.br
540,Alícia Aragão,55419435950,milenada-rocha@alves.com
541,Rafaela Lima,55519982419,ana-julia41@bol.com.br
542,Esther Fernandes,55619397607,calebe11@da.com
543,Lucas Gabriel Silveira,55319272772,martinslucca@silveira.com
544,Dr. Vitor Gabriel Oliveira,55319815585,upires@castro.org
545,Dr. Erick das Neves,55619186967,castroisis@bol.com.br
546,Nicolas Campos,55719830865,miguel63@duarte.br
547,Bruna da Mata,55719036784,kalmeida@uol.com.br
548,Dr. André Gomes,55419616882,caue50@gmail.com
549,Pietra das Neves,55319598502,hmoura@cunha.br
550,Ana Duarte,55519845426,duarteisabel@pinto.net
551,Dra. Luna Gonçalves,55719309601,caioaragao@gmail.com
552,Maria Alice da Cruz,55319670275,joao-guilhermeda-mata@hotmail.com
553,Felipe da Costa,55849190306,pintolarissa@bol.com.br
554,Juan Moura,55319860091,wcastro@fernandes.org
555,Caio Pires,55819397715,murilo60@nunes.com
556,Júlia Cunha,55719799244,goncalvessamuel@moreira.br
557,Gabrielly Vieira,55819973898,barbarasouza@bol.com.br
558,Isabel Fernandes,55849965394,raquelcardoso@castro.net
559,João Miguel da Rocha,55819740893,luiz-fernandoribeiro@ig.com.br
560,Antônio Correia,55719232080,sda-luz@ig.com.br
561,Sra. Helena Alves,55119158470,alicianascimento@yahoo.com.br
562,Fernanda Pereira,55319418998,isiscorreia@ig.com.br
563,Guilherme Correia,55319977956,rodrigo92@hotmail.com
564,Luiz Fernando Pires,55119669090,maite16@yahoo.com.br
565,Luna Cardoso,55519312038,nazevedo@uol.com.br
566,Vinicius Moura,55819595540,miguel36@bol.com.br
567,João Pedro Rodrigues,55419120071,nsilva@azevedo.org
568,Yasmin Pires,55119891962,ylopes@uol.com.br
569,Ana Luiza Silva,55719318210,portostephany@gmail.com
570,Dr. Luigi da Mota,55519951463,davi-luiz49@hotmail.com
571,Sr. Matheus Melo,55619107073,correiaevelyn@hotmail.com
572,Lucca da Costa,55119326194,omoreira@yahoo.com.br
573,Nina Nunes,55519963044,ryanda-cunha@uol.com.br
574,Srta. Isadora Cardoso,55619679805,otavio22@yahoo.com.br
575,Srta. Júlia da Luz,55619167908,castrorenan@cardoso.com
576,Amanda Ferreira,55219300822,caue18@costela.br
577,Marcos Vinicius Ribeiro,55119704018,yferreira@da.com
578,Davi Luiz Moura,55619364294,bribeiro@teixeira.com
579,Danilo Duarte,55319027848,cardosomaria-sophia@uol.com.br
580,Ian Santos,55719806432,qpires@gmail.com
581,Joaquim Nunes,55719735168,ana-vitoriaaraujo@nogueira.org
582,Maysa Araújo,55849183584,pintodavi-lucca@sales.org
583,Alana da Conceição,55819646817,jmoreira@bol.com.br
584,Caroline Oliveira,55719220020,ian65@da.br
585,Srta. Ana Beatriz Martins,55719050527,maria-vitoriasantos@oliveira.com
586,Mariana Cunha,55619479749,maria-luiza73@gmail.com
587,Vitor Hugo Oliveira,55719622956,jviana@gmail.com
588,Pietra Fernandes,55849752973,castromaria-alice@uol.com.br
589,João Felipe Melo,55619257346,heloisaoliveira@hotmail.com
590,Dr. Davi Cunha,55819614362,joao-guilherme05@bol.com.br
591,Alice Rezende,55619269363,matheuscostela@duarte.br
592,João Gabriel Moraes,55119244140,isis17@yahoo.com.br
593,Dra. Gabrielly Viana,55419242804,elopes@bol.com.br
594,Srta. Sophia Viana,55419791452,ana-juliada-luz@das.br
595,Mariana Caldeira,55319599278,paraujo@uol.com.br
596,Emanuella Caldeira,55219645740,eduardasales@barbosa.org
597,Dra. Ana Clara Caldeira,55319240757,kaique56@ribeiro.com
598,Otávio da Conceição,55219764317,benicio10@cunha.com
599,Luna Lima,55519129748,luiz-fernandocunha@ig.com.br
600,Ana Vitória Castro,55719590818,ana-livia84@castro.br
